Absam__Absam,Absam,7873599,"47,29646","11,51487",not checked yet,Austria,Absam
Ainet__Alkus,Alkus,2782805,"46,88333","12,7",not checked yet,Austria,Ainet
Ainet__Unterlaßnig,Unterlaßnig,NULL,NULL,NULL,not checked yet,NULL,Ainet
Ainet__Virgen,Virgen,NULL,NULL,NULL,not checked yet,NULL,Ainet
Ampezzo__Alverà,Alverà,3218700,"46,54889","12,15556",not checked yet,Italy,Ampezzo
Ampezzo__Campo,Campo,NULL,NULL,NULL,not checked yet,NULL,Ampezzo
Ampezzo__Coll,Coll,NULL,NULL,NULL,not checked yet,NULL,Ampezzo
Ampezzo__Cortina,Cortina,3177950,"44,87191","9,92475",not checked yet,Italy,Ampezzo
Ampezzo__Zuel,Zuel,3163838,"46,52361","12,14833",not checked yet,Italy,Ampezzo
Bozen__Bozen,JimmiXS,3181913,"46,49067","11,33982",4NrOus http://www.FyLitCl7Pf7kjQdDUOLQOuaxTXbj5iNG.com,Italy,Bozen
Bozen__Frag,Mark,NULL,NULL,NULL,JGRtKi http://www.y7YwKx7Pm6OnyJvolbcwrWdoEnRF29pb.com,Germany,Bozen
"Bozen__Gries, LG Bozen","Gries, LG Bozen",NULL,NULL,NULL,not checked yet,NULL,Bozen
Bozen__Kardaun,Kardaun,NULL,NULL,NULL,not checked yet,NULL,Bozen
Bozen__Marling,Marling,NULL,NULL,NULL,not checked yet,NULL,Bozen
Bozen__Moritzing,Moritzing,NULL,NULL,NULL,not checked yet,NULL,Bozen
Bozen__St. Georgen,St. Georgen,NULL,NULL,NULL,not checked yet,NULL,Bozen
Brixen__Albeins,Albeins,3183326,"46,67657","11,63105",not checked yet,NULL,Brixen
Brixen__Brixen,Brixen,3181550,"46,71503","11,65598",not checked yet,Italy,Brixen
Brixen__Elvas,Elvas,3177408,"46,73257","11,66757",not checked yet,Italy,Brixen
Brixen__Kranebitten,Kranebitten,NULL,NULL,NULL,not checked yet,NULL,Brixen
Brixen__Lüsen,Lüsen,NULL,NULL,NULL,not checked yet,NULL,Brixen
Brixen__Milland,Milland,NULL,NULL,NULL,not checked yet,NULL,Brixen
Brixen__Natz,Natz,NULL,NULL,NULL,not checked yet,NULL,Brixen
Brixen__Neustift,Neustift,NULL,NULL,NULL,not checked yet,NULL,Brixen
Brixen__Pinzagen,Pinzagen,NULL,NULL,NULL,not checked yet,NULL,Brixen
Brixen__Ras,JimmiXS,NULL,NULL,NULL,IzvlyG http://www.FyLitCl7Pf7kjQdDUOLQOuaxTXbj5iNG.com,Germany,Brixen
Brixen__Schalders,Schalders,NULL,NULL,NULL,not checked yet,NULL,Brixen
Brixen__St. Leonhard,St. Leonhard,NULL,NULL,NULL,not checked yet,NULL,Brixen
Brixen__Vahrn,Vahrn,NULL,NULL,NULL,not checked yet,NULL,Brixen
Brixen__in der Mahr,in der Mahr,NULL,NULL,NULL,not checked yet,NULL,Brixen
Brixen__unbekannt,unbekannt,NULL,NULL,NULL,not checked yet,NULL,Brixen
Bruneck__Ameten ,Ameten ,NULL,NULL,NULL,not checked yet,NULL,Bruneck
Bruneck__Aufhofen ,Aufhofen ,NULL,NULL,NULL,not checked yet,NULL,Bruneck
Bruneck__Ellen,Ellen,NULL,NULL,NULL,not checked yet,NULL,Bruneck
Bruneck__Gözenberg,Gözenberg,NULL,NULL,NULL,not checked yet,NULL,Bruneck
Bruneck__Hörschwang,Hörschwang,NULL,NULL,NULL,not checked yet,NULL,Bruneck
Bruneck__Kiens,Kiens,NULL,NULL,NULL,not checked yet,NULL,Bruneck
Bruneck__Lorenzen,Lorenzen,NULL,NULL,NULL,not checked yet,NULL,Bruneck
Bruneck__Niederwielen.,Niederwielen.,NULL,NULL,NULL,not checked yet,NULL,Bruneck
Bruneck__Ober-Rasen,Ober-Rasen,NULL,NULL,NULL,not checked yet,NULL,Bruneck
Bruneck__Oberwielenbach,Oberwielenbach,NULL,NULL,NULL,not checked yet,NULL,Bruneck
Bruneck__Pfalzen,Pfalzen,NULL,NULL,NULL,not checked yet,NULL,Bruneck
Bruneck__Platten,Platten,NULL,NULL,NULL,not checked yet,NULL,Bruneck
Bruneck__Reischach,Reischach,NULL,NULL,NULL,not checked yet,NULL,Bruneck
Bruneck__St. Georgen,St. Georgen,NULL,NULL,NULL,not checked yet,NULL,Bruneck
Bruneck__St. Sigmund,St. Sigmund,NULL,NULL,NULL,not checked yet,NULL,Bruneck
Bruneck__Stegen,Stegen,NULL,NULL,NULL,not checked yet,NULL,Bruneck
Bruneck__Terenten,Terenten,NULL,NULL,NULL,not checked yet,NULL,Bruneck
Bruneck__Tesselberg,Tesselberg,NULL,NULL,NULL,not checked yet,NULL,Bruneck
CVJLDY__random,random,760778,"51,40253","21,14714",,NULL,NULL
Ehrenberg__Aschau,Aschau,2782362,"47,38333","12,3",not checked yet,Austria,Ehrenberg
Ehrenberg__Berg,Berg,NULL,NULL,NULL,not checked yet,NULL,Ehrenberg
Ehrenberg__Biechlbach,Biechlbach,NULL,NULL,NULL,not checked yet,NULL,Ehrenberg
Ehrenberg__Breitenwang,Breitenwang,NULL,NULL,NULL,not checked yet,NULL,Ehrenberg
Ehrenberg__Haldensee,Haldensee,NULL,NULL,NULL,not checked yet,NULL,Ehrenberg
Ehrenberg__Imst,Imst,NULL,NULL,NULL,not checked yet,NULL,Ehrenberg
Ehrenberg__Loog,Loog,NULL,NULL,NULL,not checked yet,NULL,Ehrenberg
Ehrenberg__Neßlwängle,Neßlwängle,NULL,NULL,NULL,not checked yet,NULL,Ehrenberg
Ehrenberg__Reutte,Reutte,NULL,NULL,NULL,not checked yet,NULL,Ehrenberg
Ehrenberg__Vils,Vils,NULL,NULL,NULL,not checked yet,NULL,Ehrenberg
Ehrenberg__Vinschgau,Vinschgau,NULL,NULL,NULL,not checked yet,NULL,Ehrenberg
Enneberg__Abtei,Abtei,3182585,"46,60816","11,8963",not checked yet,NULL,Enneberg
Enneberg__Abtei od. St. Vigil,Abtei od. St. Vigil,3182585,"46,60816","11,8963",not checked yet,Italy,Enneberg
Enneberg__Bach ,Bach ,NULL,NULL,NULL,not checked yet,NULL,Enneberg
Enneberg__St. Martin,JimmiXS,NULL,NULL,NULL,Vi3nvk http://www.FyLitCl7Pf7kjQdDUOLQOuaxTXbj5iNG.com,Germany,Enneberg
Enneberg__St. Vigil,St. Vigil,NULL,NULL,NULL,not checked yet,NULL,Enneberg
Enneberg__Zwischenwasser,Zwischenwasser,NULL,NULL,NULL,not checked yet,NULL,Enneberg
Fügen__Fügen,Fügen,NULL,NULL,NULL,not checked yet,NULL,Fügen
Fügen__Mörz,Mörz,NULL,NULL,NULL,not checked yet,NULL,Fügen
Fügen__Niederhart,Niederhart,NULL,NULL,NULL,not checked yet,NULL,Fügen
Fügen__Ponkratzenb.,Ponkratzenb.,NULL,NULL,NULL,not checked yet,NULL,Fügen
Fügen__Stumm,Stumm,NULL,NULL,NULL,not checked yet,NULL,Fügen
Fügen__Stummerberg,Stummerberg,NULL,NULL,NULL,not checked yet,NULL,Fügen
Glurns__Laatsch,Laatsch,NULL,NULL,NULL,not checked yet,NULL,Glurns
Glurns__Lichtenberg,Lichtenberg,NULL,NULL,NULL,not checked yet,NULL,Glurns
Glurns__Mals,Mals,NULL,NULL,NULL,not checked yet,NULL,Glurns
Glurns__Matsch,Matsch,NULL,NULL,NULL,not checked yet,NULL,Glurns
Glurns__Schleis,Schleis,NULL,NULL,NULL,not checked yet,NULL,Glurns
Glurns__Schluderns,Schluderns,NULL,NULL,NULL,not checked yet,NULL,Glurns
Gossensaß__Gossensaß (laut Sterebuch),Gossensaß (laut Sterebuch),NULL,NULL,NULL,not checked yet,NULL,Gossensaß
Gossensaß__Mauls,Mauls,NULL,NULL,NULL,not checked yet,NULL,Gossensaß
Gossensaß__Pontigl,Pontigl,NULL,NULL,NULL,not checked yet,NULL,Gossensaß
Gossensaß__unbekannt,unbekannt,NULL,NULL,NULL,not checked yet,NULL,Gossensaß
Hall__Gnadenwald,Gnadenwald,NULL,NULL,NULL,not checked yet,NULL,Hall
Hofpgarten__Brixen,Brixen,2781394,"47,45","12,25",not checked yet,Austria,Hofpgarten
Hofpgarten__Hopfgarten,Hopfgarten,NULL,NULL,NULL,not checked yet,NULL,Hofpgarten
Hofpgarten__Kirchberg,JimmiXS,NULL,NULL,NULL,qXsHhq http://www.FyLitCl7Pf7kjQdDUOLQOuaxTXbj5iNG.com,Italy,Hofpgarten
Hofpgarten__Reith Lg. Kitzbühel,Reith Lg. Kitzbühel,NULL,NULL,NULL,not checked yet,NULL,Hofpgarten
Hofpgarten__Westendorf,Westendorf,NULL,NULL,NULL,not checked yet,NULL,Hofpgarten
Hofpgarten__angebl. Salzburg,angebl. Salzburg,NULL,NULL,NULL,not checked yet,NULL,Hofpgarten
Hofpgarten__unbekannt,unbekannt,NULL,NULL,NULL,not checked yet,NULL,Hofpgarten
Imst__Arzl bei Imst,Arzl bei Imst,7872524,"47,1893","10,76402",not checked yet,Austria,Imst
Imst__Imst,Imst,NULL,NULL,NULL,not checked yet,NULL,Imst
Imst__Pitzthal,Pitzthal,NULL,NULL,NULL,not checked yet,NULL,Imst
Imst__Wenns,Wenns,NULL,NULL,NULL,not checked yet,NULL,Imst
Innsbruck__Berg Isel,JimmiXS,6949521,"47,2467","11,3997",Wv57eG http://www.FyLitCl7Pf7kjQdDUOLQOuaxTXbj5iNG.com,Austria,Innsbruck
Innsbruck__Gericht Nauders,Gericht Nauders,NULL,NULL,NULL,not checked yet,NULL,Innsbruck
Innsbruck__Innsbruck,Innsbruck,NULL,NULL,NULL,not checked yet,NULL,Innsbruck
Innsbruck__unbekannt,unbekannt,NULL,NULL,NULL,not checked yet,NULL,Innsbruck
Innsbruck__von der Kohlstatt,von der Kohlstatt,NULL,NULL,NULL,not checked yet,NULL,Innsbruck
Ischgl__Innerversal /Ischgl,Innerversal /Ischgl,NULL,NULL,NULL,not checked yet,NULL,Ischgl
Kaltern__Girlan,Girlan,NULL,NULL,NULL,not checked yet,NULL,Kaltern
Kaltern__Kaltern,Kaltern,NULL,NULL,NULL,not checked yet,NULL,Kaltern
Karneid__Deutschnofen,Deutschnofen,3172190,"46,41404","11,42523",not checked yet,Italy,Karneid
Karneid__Eggenthal,Eggenthal,NULL,NULL,NULL,not checked yet,NULL,Karneid
Karneid__Karneid,Karneid,NULL,NULL,NULL,not checked yet,NULL,Karneid
Karneid__Petersburg,Petersburg,NULL,NULL,NULL,not checked yet,NULL,Karneid
Karneid__Tiers ,Tiers ,NULL,NULL,NULL,not checked yet,NULL,Karneid
Karneid__Welschnofen,Welschnofen,NULL,NULL,NULL,not checked yet,NULL,Karneid
Kastelruth__Kastelruth,Kastelruth,NULL,NULL,NULL,not checked yet,NULL,Kastelruth
Kastelruth__Obervöls,Obervöls,NULL,NULL,NULL,not checked yet,NULL,Kastelruth
Kastelruth__Ratzens,Ratzens,NULL,NULL,NULL,not checked yet,NULL,Kastelruth
Kastelruth__Runggaditsch,Runggaditsch,NULL,NULL,NULL,not checked yet,NULL,Kastelruth
Kastelruth__Seis,Seis,NULL,NULL,NULL,not checked yet,NULL,Kastelruth
Kastelruth__St. Christian,St. Christian,NULL,NULL,NULL,not checked yet,NULL,Kastelruth
Kastelruth__St. Konstant,St. Konstant,NULL,NULL,NULL,not checked yet,NULL,Kastelruth
Kastelruth__St. Michael,St. Michael,NULL,NULL,NULL,not checked yet,NULL,Kastelruth
Kastelruth__St. Ulrich,St. Ulrich,NULL,NULL,NULL,not checked yet,NULL,Kastelruth
Kastelruth__St. Vigil,St. Vigil,NULL,NULL,NULL,not checked yet,NULL,Kastelruth
Kastelruth__Steg,Steg,NULL,NULL,NULL,not checked yet,NULL,Kastelruth
Kastelruth__Völs,Völs,NULL,NULL,NULL,not checked yet,NULL,Kastelruth
Kastelruth__Wolkenstein,Wolkenstein,NULL,NULL,NULL,not checked yet,NULL,Kastelruth
Kitzbühel__Fieberbrunn,Fieberbrunn,7872556,"47,45099","12,55518",not checked yet,Austria,Kitzbühel
Kitzbühel__Going,Going,2778396,"47,51332","12,33164",not checked yet,NULL,Kitzbühel
Kitzbühel__Kirchdorf,Kirchdorf,2774387,"47,55626","12,44511",not checked yet,Austria,Kitzbühel
Kitzbühel__Kitzbühel,Zaiyah,7872559,"47,44726","12,41496",Notihng I could say would give you undue credit for this story. http://uupvggodk.com [url=http://qpjtnx.com]qpjtnx[/url] [link=http://ztjoxfa.com]ztjoxfa[/link],Austria,Kitzbühel
Kitzbühel__Kössen,Kössen,NULL,NULL,NULL,not checked yet,NULL,Kitzbühel
Kitzbühel__Paß Strub,Kory,2764105,"47,58333","12,66667","Whoa, whoa, get out the way with that good intaomrfion. http://ncmnaenlbwh.com [url=http://syrzfqwzwj.com]syrzfqwzwj[/url] [link=http://chwjmzjony.com]chwjmzjony[/link]",Austria,Kitzbühel
Kitzbühel__Reith,Reith,NULL,NULL,NULL,not checked yet,NULL,Kitzbühel
Kitzbühel__Schwendt,Amberly,2765355,"47,51667","12,58333",Yours is a clever way of thiinnkg about it. http://vrrmphbt.com [url=http://waywxb.com]waywxb[/url] [link=http://cekhsoj.com]cekhsoj[/link],Austria,Kitzbühel
Kitzbühel__St. Ulrich,St. Ulrich,2766374,"47,53333","12,56667",not checked yet,NULL,Kitzbühel
Kitzbühel__Waidring,Waidring,NULL,NULL,NULL,not checked yet,NULL,Kitzbühel
Klausen__Barbian,Barbian,6536006,"46,60332","11,52138",not checked yet,Italy,Klausen
Klausen__Feldthurns,Feldthurns,3164627,"46,66705","11,59712",not checked yet,Italy,Klausen
Klausen__Gufidaun,Gufidaun,NULL,NULL,NULL,not checked yet,NULL,Klausen
Klausen__Kampil,Kampil,NULL,NULL,NULL,not checked yet,NULL,Klausen
Klausen__Latzfons,JimmiXS,3174978,"46,66965","11,55135",TymUyY http://www.FyLitCl7Pf7kjQdDUOLQOuaxTXbj5iNG.com,Italy,Klausen
Klausen__Villanders,Villanders,NULL,NULL,NULL,not checked yet,NULL,Klausen
Klausen__Villnös,Villnös,NULL,NULL,NULL,not checked yet,NULL,Klausen
Kufstein__Angath,Angath,7873644,"47,50928","12,06503",not checked yet,Austria,Kufstein
Kufstein__Angerberg,Angerberg,7873658,"47,51811","12,0312",not checked yet,Austria,Kufstein
Kufstein__Ebbs,Ebbs,NULL,NULL,NULL,not checked yet,NULL,Kufstein
Kufstein__Ellmau,Ellmau,7872566,"47,5131","12,29204",not checked yet,Austria,Kufstein
Kufstein__Erl,JimmiXS,7873648,"47,69897","12,21398",oX9qti http://www.FyLitCl7Pf7kjQdDUOLQOuaxTXbj5iNG.com,Austria,Kufstein
Kufstein__Hopfgarten,Hopfgarten,2775541,"47,45","12,16667",not checked yet,Austria,Kufstein
Kufstein__Häring,Häring,NULL,NULL,NULL,not checked yet,NULL,Kufstein
Kufstein__Kufstein,Kufstein,NULL,NULL,NULL,not checked yet,NULL,Kufstein
Kufstein__Kössen,Kössen,NULL,NULL,NULL,not checked yet,NULL,Kufstein
Kufstein__Landl,Landl,2773057,"47,58333","12,03333",not checked yet,Austria,Kufstein
Kufstein__Niederndorf,Vianca,7872569,"47,65265","12,21201","Me and this article, sitting in a tree, L-A-I-R-N-E-N-G! http://ygyxegwht.com [url=http://fejntfaiix.com]fejntfaiix[/url] [link=http://yykpdejzi.com]yykpdejzi[/link]",Austria,Kufstein
Kufstein__Ritzgraben,Ritzgraben,NULL,NULL,NULL,not checked yet,NULL,Kufstein
Kufstein__Schwaz,Schwaz,NULL,NULL,NULL,not checked yet,NULL,Kufstein
Kufstein__Söll,Söll,7873657,"47,50407","12,20422",not checked yet,Austria,Kufstein
Kufstein__Thiersee,Thiersee,NULL,NULL,NULL,not checked yet,NULL,Kufstein
Kufstein__Wörgl,Wörgl,2760854,"47,493873","12,06174","Aus einer e-mail an Peter Andorfer:
Die ""Grattenbrücke"" ist im Osten von Wörgl, gehört aber zum Gemeindegebiet Kirchbichl da es nördlich der Ache liegt. 
Für Einheimische bezeichnet ""Grattenbruck"" die Gegend um diese Brücke und das danebenliegende Grattenbergl.
Das alte Steinbrücklein existiert noch immer beim Gasthof Grattenbrücke über die Brixentaler Ache. 
Früher führte sämtlicher Verkehr aus Wörgl in Richtung Osten darüber, es war sozusagend ein ""Nadelöhr"". 
Erst seit Eröffnung der Umfahrungsschnellstraße Richtung Brixental ist dort eine Sackgasse für AUTOS.  ",Austria,Kufstein
Kufstein__Zell ,Zell ,NULL,NULL,NULL,not checked yet,NULL,Kufstein
Kufstein__unbekannt,unbekannt,NULL,NULL,NULL,not checked yet,NULL,Kufstein
Lana__Lana,Lana,NULL,NULL,NULL,not checked yet,NULL,Lana
Landeck__Fließ,Linda,2779485,"47,11667","10,61667",A wonderful job. Super helpful inortmafion. http://iqidwck.com [url=http://bvdxyegzmy.com]bvdxyegzmy[/url] [link=http://hfoplldefgv.com]hfoplldefgv[/link],Austria,Landeck
Landeck__Grins,Grins,7872578,"47,15375","10,50472",not checked yet,Austria,Landeck
Landeck__Kappl,Kappl,NULL,NULL,NULL,not checked yet,NULL,Landeck
Landeck__Landeck,Landeck,7872581,"47,13009","10,56358",not checked yet,Austria,Landeck
Landeck__Perfuchs,Perfuchs,NULL,NULL,NULL,not checked yet,NULL,Landeck
Landeck__Pians,Pians,7873667,"47,13122","10,51017",not checked yet,Austria,Landeck
Landeck__Sauers,Sauers,NULL,NULL,NULL,not checked yet,NULL,Landeck
Landeck__Zams,Zams,NULL,NULL,NULL,not checked yet,NULL,Landeck
Lienz__Ainet,Roby,7873674,"46,89783","12,69985","This arilcte is a home run, pure and simple! http://xkoqgfmt.com [url=http://tjtfbnqyrb.com]tjtfbnqyrb[/url] [link=http://bhpmir.com]bhpmir[/link]",Austria,Lienz
Lienz__Alkus,Keys,2782805,"46,88333","12,7","By  February 5, 2013  -  6:16 pmI am really impressed with your writing skills as well as with the layout on your weblog. Is this a paid theme or did you customize it yourself? Either way keep up the excellent quality writing, it872&1#;s rare to see a nice blog like this one these days.",Austria,Lienz
Lienz__Amlach,Amlach,7872588,"46,78001","12,76552",not checked yet,Austria,Lienz
Lienz__Bannberg ,Bannberg ,2782015,46805,"12,68833",not checked yet,Austria,Lienz
Lienz__Debantthal,Debantthal,NULL,NULL,NULL,not checked yet,NULL,Lienz
Lienz__Dölsach,Dölsach,NULL,NULL,NULL,not checked yet,NULL,Lienz
Lienz__Gainberg,Gainberg,NULL,NULL,NULL,not checked yet,NULL,Lienz
Lienz__Gwabl,Gwabl,2777175,"46,88528","12,67917",not checked yet,Austria,Lienz
Lienz__Göriach,Göriach,NULL,NULL,NULL,not checked yet,NULL,Lienz
Lienz__Kosten,Kosten,NULL,NULL,NULL,not checked yet,NULL,Lienz
Lienz__Lavant,Lavant,NULL,NULL,NULL,not checked yet,NULL,Lienz
Lienz__Lienz,Lienz,NULL,NULL,NULL,not checked yet,NULL,Lienz
Lienz__Oberaßling,Oberaßling,NULL,NULL,NULL,not checked yet,NULL,Lienz
Lienz__Patriasdorf,Patriasdorf,NULL,NULL,NULL,not checked yet,NULL,Lienz
Lienz__Ried,Ried,NULL,NULL,NULL,not checked yet,NULL,Lienz
Lienz__Stribach,Stribach,NULL,NULL,NULL,not checked yet,NULL,Lienz
Lienz__Tristach,Tristach,NULL,NULL,NULL,not checked yet,NULL,Lienz
Meran__Algund,Algund,3175243,"46,68113","11,12572",not checked yet,NULL,Meran
Meran__Eyrs,Eyrs,NULL,NULL,NULL,not checked yet,NULL,Meran
Meran__Gratsch,Gratsch,NULL,NULL,NULL,not checked yet,NULL,Meran
Meran__Hafling,Hafling,NULL,NULL,NULL,not checked yet,NULL,Meran
Meran__Hagen,Mark,NULL,NULL,NULL,QvXX6s http://www.y7YwKx7Pm6OnyJvolbcwrWdoEnRF29pb.com,Italy,Meran
Meran__Kortsch,Kortsch,NULL,NULL,NULL,not checked yet,NULL,Meran
Meran__Kuens,Kuens,NULL,NULL,NULL,not checked yet,NULL,Meran
Meran__Mais,Mais,NULL,NULL,NULL,not checked yet,NULL,Meran
Meran__Meran,Meran,3173577,"46,66817","11,15953",not checked yet,Italy,Meran
Meran__Naturns,Naturns,NULL,NULL,NULL,not checked yet,NULL,Meran
Meran__Obermais,Obermais,NULL,NULL,NULL,not checked yet,NULL,Meran
Meran__Partschins,Partschins,NULL,NULL,NULL,not checked yet,NULL,Meran
Meran__Passeier,Passeier,NULL,NULL,NULL,not checked yet,NULL,Meran
Meran__Quadrat,Quadrat,NULL,NULL,NULL,not checked yet,NULL,Meran
Meran__Riffian,Riffian,NULL,NULL,NULL,not checked yet,NULL,Meran
Meran__Schnals,Schnals,NULL,NULL,NULL,not checked yet,NULL,Meran
Meran__Schönna,Schönna,NULL,NULL,NULL,not checked yet,NULL,Meran
Meran__Thal,Thal,NULL,NULL,NULL,not checked yet,NULL,Meran
Meran__Untermais,Untermais,NULL,NULL,NULL,not checked yet,NULL,Meran
Meran__Vernuer,Vernuer,NULL,NULL,NULL,not checked yet,NULL,Meran
Meran__Vernurer,Vernurer,NULL,NULL,NULL,not checked yet,NULL,Meran
Meran__Zenoberg,Zenoberg,NULL,NULL,NULL,not checked yet,NULL,Meran
Meran__i. Bayern,i. Bayern,NULL,NULL,NULL,not checked yet,NULL,Meran
Mieders__Gossensaß,Gossensaß,NULL,NULL,NULL,not checked yet,NULL,Mieders
Mieders__Kreith,Kreith,NULL,NULL,NULL,not checked yet,NULL,Mieders
Mieders__Neustift,Neustift,NULL,NULL,NULL,not checked yet,NULL,Mieders
Mieders__Telfes,Telfes,NULL,NULL,NULL,not checked yet,NULL,Mieders
Mieders__Trens,Trens,NULL,NULL,NULL,not checked yet,NULL,Mieders
Mils__Mils,JimmiXS,2771582,"47,20616","10,67485",WLvDKD http://www.FyLitCl7Pf7kjQdDUOLQOuaxTXbj5iNG.com,Austria,Mils
Mühlbach__Kiens,Kiens,NULL,NULL,NULL,not checked yet,NULL,Mühlbach
Mühlbach__Mühlbach,Mühlbach,NULL,NULL,NULL,not checked yet,NULL,Mühlbach
Mühlbach__Rodeneck,Rodeneck,NULL,NULL,NULL,not checked yet,NULL,Mühlbach
Mühlbach__Schabs,Schabs,NULL,NULL,NULL,not checked yet,NULL,Mühlbach
Mühlbach__Villanders,Villanders,NULL,NULL,NULL,not checked yet,NULL,Mühlbach
Mühlbach__Weitenthal,Weitenthal,NULL,NULL,NULL,not checked yet,NULL,Mühlbach
Nauders u. Pfunds__Graun,Graun,NULL,NULL,NULL,not checked yet,NULL,Nauders u. Pfunds
Nauders u. Pfunds__Gstalda,Gstalda,NULL,NULL,NULL,not checked yet,NULL,Nauders u. Pfunds
Nauders u. Pfunds__Haid,Haid,NULL,NULL,NULL,not checked yet,NULL,Nauders u. Pfunds
Nauders u. Pfunds__Kompatsch,Kompatsch,NULL,NULL,NULL,not checked yet,NULL,Nauders u. Pfunds
Nauders u. Pfunds__Langtaufers,Langtaufers,NULL,NULL,NULL,not checked yet,NULL,Nauders u. Pfunds
Nauders u. Pfunds__Nauders ,Nauders,NULL,NULL,NULL,not checked yet,NULL,Nauders u. Pfunds
Nauders u. Pfunds__Noggels ,Noggels ,NULL,NULL,NULL,not checked yet,NULL,Nauders u. Pfunds
Nauders u. Pfunds__Pfunds,Pfunds,NULL,NULL,NULL,not checked yet,NULL,Nauders u. Pfunds
Nauders u. Pfunds__Reschen,Reschen,NULL,NULL,NULL,not checked yet,NULL,Nauders u. Pfunds
Nauders u. Pfunds__Spinn,Spinn,NULL,NULL,NULL,not checked yet,NULL,Nauders u. Pfunds
Neumarkt__Aldein,Aldein,6534771,"46,36581","11,35508",not checked yet,Italy,Neumarkt
Neumarkt__Fließ,Fließ,NULL,NULL,NULL,not checked yet,NULL,Neumarkt
Neumarkt__Gfrill,Gfrill,NULL,NULL,NULL,not checked yet,NULL,Neumarkt
Neumarkt__Neumarkt,Neumarkt,NULL,NULL,NULL,not checked yet,NULL,Neumarkt
Neumarkt__Vomp,Vomp,NULL,NULL,NULL,not checked yet,NULL,Neumarkt
Passeier__Flon,Flon,NULL,NULL,NULL,not checked yet,NULL,Passeier
Passeier__Matatz,Matatz,NULL,NULL,NULL,not checked yet,NULL,Passeier
Passeier__Moos,Moos,NULL,NULL,NULL,not checked yet,NULL,Passeier
Passeier__Pfelders,Pfelders,NULL,NULL,NULL,not checked yet,NULL,Passeier
Passeier__Platt,Platt,NULL,NULL,NULL,not checked yet,NULL,Passeier
Passeier__Prantach,Prantach,NULL,NULL,NULL,not checked yet,NULL,Passeier
Passeier__Rabenstein,Rabenstein,NULL,NULL,NULL,not checked yet,NULL,Passeier
Passeier__Ried,Ried,NULL,NULL,NULL,not checked yet,NULL,Passeier
Passeier__Schathen,Schathen,NULL,NULL,NULL,not checked yet,NULL,Passeier
Passeier__St. Leonhard,St. Leonhard,NULL,NULL,NULL,not checked yet,NULL,Passeier
Passeier__St. Martin,St. Martin,NULL,NULL,NULL,not checked yet,NULL,Passeier
Passeier__Stuls,Stuls,NULL,NULL,NULL,not checked yet,NULL,Passeier
Passeier__Thal,Thal,NULL,NULL,NULL,not checked yet,NULL,Passeier
Passeier__Walten,Walten,NULL,NULL,NULL,not checked yet,NULL,Passeier
Passeier__am Sand ,am Sand ,NULL,NULL,NULL,not checked yet,NULL,Passeier
Rattenberg__Alpach,Alpach,2782722,"47,5","12,46667",not checked yet,Austria,Rattenberg
Rattenberg__Angath,Angath,7873644,"47,50928","12,06503",not checked yet,Austria,Rattenberg
Rattenberg__Brixlegg,Brixlegg,7872564,"47,42833","11,91675",not checked yet,Austria,Rattenberg
Rattenberg__Bruck,Bruck,NULL,NULL,NULL,not checked yet,NULL,Rattenberg
Rattenberg__Hall,Hall,NULL,NULL,NULL,not checked yet,NULL,Rattenberg
Rattenberg__Kundl,Kundl,NULL,NULL,NULL,not checked yet,NULL,Rattenberg
Rattenberg__Mariathal,Mariathal,NULL,NULL,NULL,not checked yet,NULL,Rattenberg
Rattenberg__Mautken,JimmiXS,NULL,NULL,NULL,7xjvrj http://www.FyLitCl7Pf7kjQdDUOLQOuaxTXbj5iNG.com,Germany,Rattenberg
Rattenberg__Niederau,Niederau,NULL,NULL,NULL,not checked yet,NULL,Rattenberg
Rattenberg__Oberau,Oberau,NULL,NULL,NULL,not checked yet,NULL,Rattenberg
Rattenberg__Radfeld,Radfeld,NULL,NULL,NULL,not checked yet,NULL,Rattenberg
Rattenberg__Rattenberg,Rattenberg,NULL,NULL,NULL,not checked yet,NULL,Rattenberg
Rattenberg__Reith,Reith,NULL,NULL,NULL,not checked yet,NULL,Rattenberg
Rattenberg__Thierbach,Thierbach,NULL,NULL,NULL,not checked yet,NULL,Rattenberg
Ried__Fendels,JimmiXS,NULL,NULL,NULL,wS9wo7 http://www.FyLitCl7Pf7kjQdDUOLQOuaxTXbj5iNG.com,Italy,Ried
Ried__Fiss,Fiss,NULL,NULL,NULL,not checked yet,NULL,Ried
Ried__Kauns,Kauns,NULL,NULL,NULL,not checked yet,NULL,Ried
Ried__Kaunserberg,Kaunserberg,NULL,NULL,NULL,not checked yet,NULL,Ried
Ried__Ried,Ried,NULL,NULL,NULL,not checked yet,NULL,Ried
Ried__Serfaus,Serfaus,NULL,NULL,NULL,not checked yet,NULL,Ried
Ritten__Gismann,Gismann,NULL,NULL,NULL,not checked yet,NULL,Ritten
Ritten__Lengmoos,Lengmoos,NULL,NULL,NULL,not checked yet,NULL,Ritten
Ritten__Oberbozen,Oberbozen,NULL,NULL,NULL,not checked yet,NULL,Ritten
Ritten__Rothwand,Rothwand,NULL,NULL,NULL,not checked yet,NULL,Ritten
Ritten__Wangen,Wangen,NULL,NULL,NULL,not checked yet,NULL,Ritten
Ritten__Wolfsgruben,Wolfsgruben,NULL,NULL,NULL,not checked yet,NULL,Ritten
Rottenburg__Achenthal,Achenthal,2783028,"47,56667","11,68306",not checked yet,Austria,Rottenburg
Rottenburg__Buch,Buch,NULL,NULL,NULL,not checked yet,NULL,Rottenburg
Rottenburg__Gallzein,Gallzein,2778961,"47,36807","11,77159",not checked yet,Austria,Rottenburg
Rottenburg__Rattenberg-Münster,Rattenberg-Münster,NULL,NULL,NULL,not checked yet,NULL,Rottenburg
Rottenburg__Schlitters,Schlitters,NULL,NULL,NULL,not checked yet,NULL,Rottenburg
Rottenburg__unbekannt,unbekannt,NULL,NULL,NULL,not checked yet,NULL,Rottenburg
Sarnthal__Oberstückl,Oberstückl,NULL,NULL,NULL,not checked yet,NULL,Sarnthal
Sarnthal__Pens,Pens,NULL,NULL,NULL,not checked yet,NULL,Sarnthal
Sarnthal__Sarntal,Sarntal,NULL,NULL,NULL,not checked yet,NULL,Sarnthal
Sarnthal__unbekannt,unbekannt,NULL,NULL,NULL,not checked yet,NULL,Sarnthal
Schlanders__Goldrain,Goldrain,NULL,NULL,NULL,not checked yet,NULL,Schlanders
Schlanders__Göflan,Göflan,NULL,NULL,NULL,not checked yet,NULL,Schlanders
Schlanders__Juval,Juval,NULL,NULL,NULL,not checked yet,NULL,Schlanders
Schlanders__Kortsch,JimmiXS,NULL,NULL,NULL,EZGnNc http://www.FyLitCl7Pf7kjQdDUOLQOuaxTXbj5iNG.com,Germany,Schlanders
Schlanders__Laas,Laas,NULL,NULL,NULL,not checked yet,NULL,Schlanders
Schlanders__Mortell,Mortell,NULL,NULL,NULL,not checked yet,NULL,Schlanders
Schlanders__Morter,Morter,NULL,NULL,NULL,not checked yet,NULL,Schlanders
Schlanders__Schlanders,Schlanders,NULL,NULL,NULL,not checked yet,NULL,Schlanders
Schlanders__Schnals,Schnals,NULL,NULL,NULL,not checked yet,NULL,Schlanders
Schlanders__Staben,Staben,NULL,NULL,NULL,not checked yet,NULL,Schlanders
Schlanders__Tarsch,Tarsch,NULL,NULL,NULL,not checked yet,NULL,Schlanders
Schlanders__Tschars,Tschars,NULL,NULL,NULL,not checked yet,NULL,Schlanders
Schlanders__Tschengels,Tschengels,NULL,NULL,NULL,not checked yet,NULL,Schlanders
Schlanders__Vezan,Vezan,NULL,NULL,NULL,not checked yet,NULL,Schlanders
Schlanders__Vorberg,Vorberg,NULL,NULL,NULL,not checked yet,NULL,Schlanders
Schwaz__Pillerniederb. ,Pillerniederb. ,NULL,NULL,NULL,not checked yet,NULL,Schwaz
Schwaz__Schwaz,Schwaz,NULL,NULL,NULL,not checked yet,NULL,Schwaz
Schwaz__Stans,Stans,7872636,"47,38388","11,71084",not checked yet,Austria,Schwaz
Schwaz__Vomp,Vomp,NULL,NULL,NULL,not checked yet,NULL,Schwaz
Schwaz__Weer ,JimmiXS,NULL,NULL,NULL,REPVcw http://www.FyLitCl7Pf7kjQdDUOLQOuaxTXbj5iNG.com,Germany,Schwaz
Schwaz__Weerberg,Weerberg,NULL,NULL,NULL,not checked yet,NULL,Schwaz
Sillian__Abfaltern,JimmiXS,2783063,"46,76389","12,52",Y5lziE http://www.FyLitCl7Pf7kjQdDUOLQOuaxTXbj5iNG.com,Austria,Sillian
Sillian__Abfaltersbach,Abfaltersbach,7872587,"46,76632","12,51362",not checked yet,Austria,Sillian
Sillian__Arnbach,Arnbach,2782422,"46,74667","12,39667",not checked yet,Austria,Sillian
Sillian__Innichberg,Innichberg,NULL,NULL,NULL,not checked yet,NULL,Sillian
Sillian__Innichen,Innichen,3168508,"46,7324","12,27855",not checked yet,Italy,Sillian
Sillian__Kartitsch,Kartitsch,NULL,NULL,NULL,not checked yet,NULL,Sillian
Sillian__Panzendorf,Panzendorf,NULL,NULL,NULL,not checked yet,NULL,Sillian
Sillian__Sexten,Sexten,NULL,NULL,NULL,not checked yet,NULL,Sillian
Sillian__Sillian ,JimmiXS,2765044,"46,75278","12,42111",tUnpSq http://www.FyLitCl7Pf7kjQdDUOLQOuaxTXbj5iNG.com,Austria,Sillian
Sillian__Strassen,Strassen,NULL,NULL,NULL,not checked yet,NULL,Sillian
Sillian__Tessenberg,Tessenberg,NULL,NULL,NULL,not checked yet,NULL,Sillian
Sillian__Untertassenbach,Untertassenbach,NULL,NULL,NULL,not checked yet,NULL,Sillian
Sillian__Winnebach,Winnebach,NULL,NULL,NULL,not checked yet,NULL,Sillian
Sillian__unbekannt,unbekannt,NULL,NULL,NULL,not checked yet,NULL,Sillian
Silz__Barwies,Barwies,2781972,"47,3","10,96667",not checked yet,NULL,Silz
Silz__Frohnhausen,Frohnhausen,NULL,NULL,NULL,not checked yet,NULL,Silz
Silz__Gurgl,Gurgl,NULL,NULL,NULL,not checked yet,NULL,Silz
Silz__Habichen,JimmiXS,NULL,NULL,NULL,OyrXg7 http://www.FyLitCl7Pf7kjQdDUOLQOuaxTXbj5iNG.com,Italy,Silz
Silz__Haiming,Haiming,NULL,NULL,NULL,not checked yet,NULL,Silz
Silz__Längenfeld,Längenfeld,NULL,NULL,NULL,not checked yet,NULL,Silz
Silz__Riedern,Riedern,NULL,NULL,NULL,not checked yet,NULL,Silz
Silz__Sautens,Sautens,NULL,NULL,NULL,not checked yet,NULL,Silz
Silz__Silz,Silz,NULL,NULL,NULL,not checked yet,NULL,Silz
Silz__Vent,Mark,NULL,NULL,NULL,weBX4C http://www.y7YwKx7Pm6OnyJvolbcwrWdoEnRF29pb.com,Italy,Silz
Silz__auf Au,auf Au,NULL,NULL,NULL,not checked yet,NULL,Silz
Silz__Ötz,Ötz,2769324,"47,2","10,9",not checked yet,NULL,Silz
Sonnenburg__Ambras,Ambras,3319531,"47,2557","11,43359",not checked yet,Austria,Sonnenburg
Sonnenburg__Axams,Axams,7873600,"47,20812","11,28694",not checked yet,Austria,Sonnenburg
Sonnenburg__Birgitz,Birgitz,7873602,"47,22378","11,30263",not checked yet,Austria,Sonnenburg
Sonnenburg__Christen,Christen,NULL,NULL,NULL,not checked yet,NULL,Sonnenburg
"Sonnenburg__Gries, LG Sonnenburg","Gries, LG Sonnenburg",NULL,NULL,NULL,not checked yet,NULL,Sonnenburg
Sonnenburg__Grieß in Sellrain,Grieß in Sellrain,NULL,NULL,NULL,not checked yet,NULL,Sonnenburg
Sonnenburg__Götzens,Götzens,NULL,NULL,NULL,not checked yet,NULL,Sonnenburg
Sonnenburg__Igls,Igls,2775338,"47,23333","11,41667",not checked yet,Austria,Sonnenburg
Sonnenburg__Innsbruck,Innsbruck,NULL,NULL,NULL,not checked yet,NULL,Sonnenburg
Sonnenburg__Kematen,Kematen,NULL,NULL,NULL,not checked yet,NULL,Sonnenburg
Sonnenburg__Lans,Lans,NULL,NULL,NULL,not checked yet,NULL,Sonnenburg
Sonnenburg__Mutters,Mutters,NULL,NULL,NULL,not checked yet,NULL,Sonnenburg
Sonnenburg__Natters,Natters,NULL,NULL,NULL,not checked yet,NULL,Sonnenburg
Sonnenburg__Sellrain,Sellrain,NULL,NULL,NULL,not checked yet,NULL,Sonnenburg
Sonnenburg__Sistrans,Sistrans,NULL,NULL,NULL,not checked yet,NULL,Sonnenburg
Sonnenburg__Vill,Vill,NULL,NULL,NULL,not checked yet,NULL,Sonnenburg
Sonnenburg__Völs,Völs,NULL,NULL,NULL,not checked yet,NULL,Sonnenburg
Sonnenburg__Wilten,Wilten,2761164,"47,25","11,41667",not checked yet,Austria,Sonnenburg
Sonnenburg__unbekannt,unbekannt,NULL,NULL,NULL,not checked yet,NULL,Sonnenburg
Stadt Hall__Hall,Wanita,2764958,"47,28333","11,51667",Now we know who the sesbinle one is here. Great post! http://mzwbftkod.com [url=http://smvinbzljdd.com]smvinbzljdd[/url] [link=http://rhmvrwmsbl.com]rhmvrwmsbl[/link],Austria,Stadt Hall
"Steinach__Gries, LG Steinach","Gries, LG Steinach",NULL,NULL,NULL,not checked yet,NULL,Steinach
Steinach__Matrei,Matrei,2771830,"47,13333","11,45",not checked yet,NULL,Steinach
Steinach__Navis,Navis,NULL,NULL,NULL,not checked yet,NULL,Steinach
Steinach__Obernberg,Obernberg,NULL,NULL,NULL,not checked yet,NULL,Steinach
Steinach__Pfons,Pfons,NULL,NULL,NULL,not checked yet,NULL,Steinach
Steinach__Schmirn,Schmirn,NULL,NULL,NULL,not checked yet,NULL,Steinach
Steinach__Statz bei Matrei,Statz bei Matrei,NULL,NULL,NULL,not checked yet,NULL,Steinach
Steinach__Steinach,Steinach,NULL,NULL,NULL,not checked yet,NULL,Steinach
Steinach__Trins,Trins,NULL,NULL,NULL,not checked yet,NULL,Steinach
Sterzing__Egg,Egg,NULL,NULL,NULL,not checked yet,NULL,Sterzing
Sterzing__Gasteig,Gasteig,NULL,NULL,NULL,not checked yet,NULL,Sterzing
Sterzing__Gigglberg,Gigglberg,NULL,NULL,NULL,not checked yet,NULL,Sterzing
Sterzing__Gossensaß,Gossensaß,NULL,NULL,NULL,not checked yet,NULL,Sterzing
Sterzing__Jaufenthal,Jaufenthal,NULL,NULL,NULL,not checked yet,NULL,Sterzing
Sterzing__Mareith,JimmiXS,NULL,NULL,NULL,yXvAtk http://www.FyLitCl7Pf7kjQdDUOLQOuaxTXbj5iNG.com,Italy,Sterzing
Sterzing__Mauls,Mauls,NULL,NULL,NULL,not checked yet,NULL,Sterzing
Sterzing__Pflersch,Pflersch,NULL,NULL,NULL,not checked yet,NULL,Sterzing
Sterzing__Pfulters,Pfulters,NULL,NULL,NULL,not checked yet,NULL,Sterzing
Sterzing__Ratschings,Ratschings,NULL,NULL,NULL,not checked yet,NULL,Sterzing
Sterzing__Ried,Ried,NULL,NULL,NULL,not checked yet,NULL,Sterzing
Sterzing__Riednaun,Riednaun,NULL,NULL,NULL,not checked yet,NULL,Sterzing
Sterzing__Sterzing,Sterzing,NULL,NULL,NULL,not checked yet,NULL,Sterzing
Sterzing__Telfs,Telfs,NULL,NULL,NULL,not checked yet,NULL,Sterzing
Sterzing__Trens,Trens,NULL,NULL,NULL,not checked yet,NULL,Sterzing
Sterzing__Tschöfs,Tschöfs,NULL,NULL,NULL,not checked yet,NULL,Sterzing
Taufers__Ahornach,Ahornach,3183545,"46,92576","11,97803",not checked yet,Italy,Taufers
Taufers__Ametten,Ametten,NULL,NULL,NULL,not checked yet,NULL,Taufers
Taufers__Antholz,Antholz,3183034,"46,84833","12,0875",not checked yet,Italy,Taufers
Taufers__Aßling,Diandra,2782309,"46,78333","12,63333",Check that off the list of things I was coeunsfd about. http://bjapvbogyw.com [url=http://iylrdqmaox.com]iylrdqmaox[/url] [link=http://bwfeah.com]bwfeah[/link],Austria,Taufers
Taufers__Gais,Gais,NULL,NULL,NULL,not checked yet,NULL,Taufers
Taufers__Luttach,Luttach,NULL,NULL,NULL,not checked yet,NULL,Taufers
Taufers__Moritzen,Moritzen,NULL,NULL,NULL,not checked yet,NULL,Taufers
Taufers__Mühlbach,Mühlbach,NULL,NULL,NULL,not checked yet,NULL,Taufers
Taufers__Mühlen,Mühlen,3319501,"47,11667","11,46667",not checked yet,Austria,Taufers
Taufers__Rein,Rein,NULL,NULL,NULL,not checked yet,NULL,Taufers
Taufers__Sand,Sand,NULL,NULL,NULL,not checked yet,NULL,Taufers
Taufers__St. Jakob,St. Jakob,NULL,NULL,NULL,not checked yet,NULL,Taufers
Taufers__St. Johann,St. Johann,NULL,NULL,NULL,not checked yet,NULL,Taufers
Taufers__Tesselberg,Tesselberg,NULL,NULL,NULL,not checked yet,NULL,Taufers
Taufers__Winkel,Winkel,NULL,NULL,NULL,not checked yet,NULL,Taufers
Telfs__Flaurling,Flaurling,NULL,NULL,NULL,not checked yet,NULL,Telfs
Telfs__Inzing,Inzing,NULL,NULL,NULL,not checked yet,NULL,Telfs
Telfs__Leutasch,Leutasch,NULL,NULL,NULL,not checked yet,NULL,Telfs
Telfs__Oberhofen,Oberhofen,2770041,"47,3","11,08333",not checked yet,NULL,Telfs
Telfs__Oberperfuß,Oberperfuß,NULL,NULL,NULL,not checked yet,NULL,Telfs
Telfs__Pettnau,Pettnau,NULL,NULL,NULL,not checked yet,NULL,Telfs
Telfs__Pfaffenhofen,Pfaffenhofen,NULL,NULL,NULL,not checked yet,NULL,Telfs
Telfs__Ranggen,Ranggen,NULL,NULL,NULL,not checked yet,NULL,Telfs
Telfs__Reith,Reith,NULL,NULL,NULL,not checked yet,NULL,Telfs
Telfs__Telfs,Telfs,NULL,NULL,NULL,not checked yet,NULL,Telfs
Telfs__Zirl,Zirl,2760523,"47,28333","11,23333",not checked yet,Austria,Telfs
Terfens__Terfens,JimmiXS,NULL,NULL,NULL,3fqoFe http://www.FyLitCl7Pf7kjQdDUOLQOuaxTXbj5iNG.com,Italy,Terfens
Tulfes__Tulfes,Tulfes,NULL,NULL,NULL,not checked yet,NULL,Tulfes
Volders__Volderwald,Volderwald,NULL,NULL,NULL,not checked yet,NULL,Volders
Wattens__Wattenberg,Wattenberg,NULL,NULL,NULL,not checked yet,NULL,Wattens
Wattens__Wattens,JimmiXS,7873629,"47,2722","11,59926",9RACem http://www.FyLitCl7Pf7kjQdDUOLQOuaxTXbj5iNG.com,Austria,Wattens
Welsberg__Antholz,Antholz,NULL,NULL,NULL,not checked yet,NULL,Welsberg
Welsberg__Eggerberg,Eggerberg,NULL,NULL,NULL,not checked yet,NULL,Welsberg
Welsberg__Mitterolang,Mitterolang,NULL,NULL,NULL,not checked yet,NULL,Welsberg
Welsberg__Niederdorf,Niederdorf,NULL,NULL,NULL,not checked yet,NULL,Welsberg
Welsberg__Niederrasen,Niederrasen,NULL,NULL,NULL,not checked yet,NULL,Welsberg
Welsberg__Oberolang,Oberolang,NULL,NULL,NULL,not checked yet,NULL,Welsberg
Welsberg__Oberrasen,Oberrasen,NULL,NULL,NULL,not checked yet,NULL,Welsberg
Welsberg__Oberwielenbach,Oberwielenbach,NULL,NULL,NULL,not checked yet,NULL,Welsberg
Welsberg__Olang,Mark,NULL,NULL,NULL,mgyTcy http://www.y7YwKx7Pm6OnyJvolbcwrWdoEnRF29pb.com,Germany,Welsberg
Welsberg__Pichl,Pichl,NULL,NULL,NULL,not checked yet,NULL,Welsberg
Welsberg__Prags,Prags,NULL,NULL,NULL,not checked yet,NULL,Welsberg
Welsberg__Tesselberg,Tesselberg,NULL,NULL,NULL,not checked yet,NULL,Welsberg
Welsberg__Toblach,Toblach,NULL,NULL,NULL,not checked yet,NULL,Welsberg
Welsberg__Welsberg,Welsberg,NULL,NULL,NULL,not checked yet,NULL,Welsberg
Windischmatrei__Hopfgarten,Hopfgarten,NULL,NULL,NULL,not checked yet,NULL,Windischmatrei
Windischmatrei__Kals,Kals,NULL,NULL,NULL,not checked yet,NULL,Windischmatrei
Windischmatrei__Mittendorf (Virgen),Mittendorf (Virgen),NULL,NULL,NULL,not checked yet,NULL,Windischmatrei
Windischmatrei__Virgen,Virgen,NULL,NULL,NULL,not checked yet,NULL,Windischmatrei
Windischmatrei__Windischmatrei,Windischmatrei,NULL,NULL,NULL,not checked yet,NULL,Windischmatrei
Windischmatrei__Zotten,Zotten,NULL,NULL,NULL,not checked yet,NULL,Windischmatrei
"Zell am Ziller__Emberg, Gem. Aschau","Emberg, Gem. Aschau",NULL,NULL,NULL,not checked yet,NULL,Zell am Ziller
Zell am Ziller__Hörler am Gerlos,Hörler am Gerlos,NULL,NULL,NULL,not checked yet,NULL,Zell am Ziller
Zell am Ziller__Kaltenbach,Kaltenbach,NULL,NULL,NULL,not checked yet,NULL,Zell am Ziller
Zell am Ziller__Larcher i. Hollenzen,Larcher i. Hollenzen,NULL,NULL,NULL,not checked yet,NULL,Zell am Ziller
Zell am Ziller__Maryrhofen,Maryrhofen,NULL,NULL,NULL,not checked yet,NULL,Zell am Ziller
Zell am Ziller__Thennen in Tux,Thennen in Tux,NULL,NULL,NULL,not checked yet,NULL,Zell am Ziller
Zell am Ziller__Tux,JimmiXS,NULL,NULL,NULL,ND1xmn http://www.FyLitCl7Pf7kjQdDUOLQOuaxTXbj5iNG.com,Germany,Zell am Ziller
Zell am Ziller__Zell a. Z. ,Zell a. Z. ,NULL,NULL,NULL,not checked yet,NULL,Zell am Ziller
unbekannt__unbekannt,unbekannt,NULL,NULL,NULL,not checked yet,NULL,unbekannt
unknown__Aicha,Aicha,7910953,"46,7769","11,64401",not checked yet,NULL,Brixen
unknown__Alle Laste,Alle Laste,NULL,NULL,NULL,not checked yet,NULL,unknown
unknown__Aquabona,JimmiXS,NULL,NULL,NULL,OKw3SR http://www.FyLitCl7Pf7kjQdDUOLQOuaxTXbj5iNG.com,Germany,unknown
unknown__Belluno,Belluno,3182210,"46,14262","12,2156",not checked yet,Italy,unknown
unknown__Bersano,Bersano,NULL,NULL,NULL,not checked yet,NULL,unknown
unknown__Bludenz,Bludenz,2781680,"47,15476","9,82255",not checked yet,NULL,unknown
unknown__Blumau,Blumau,NULL,NULL,NULL,not checked yet,NULL,unknown
unknown__Brettfall,Brettfall,NULL,NULL,NULL,not checked yet,NULL,unknown
unknown__Bruggen,Bruggen,NULL,NULL,NULL,not checked yet,NULL,unknown
unknown__Bruneck,Bruneck,3181480,"46,79942","11,93429",not checked yet,Italy,unknown
unknown__Brücke zu Wertach,Brücke zu Wertach,NULL,NULL,NULL,not checked yet,NULL,unknown
"unknown__Calvi, Corsica","Calvi, Corsica",NULL,NULL,NULL,not checked yet,NULL,unknown
unknown__Chiapuzza,Chiapuzza,NULL,NULL,NULL,not checked yet,NULL,unknown
unknown__Civita vecchia (Spital),Civita vecchia (Spital),NULL,NULL,NULL,not checked yet,NULL,unknown
unknown__Corsica,Corsica,3023519,42,9,not checked yet,NULL,unknown
unknown__Elba,Elba,3177426,"42,77663","10,27788",not checked yet,Italy,unknown
unknown__Forchheim (Gefängnis),Forchheim (Gefängnis),NULL,NULL,NULL,not checked yet,NULL,unknown
unknown__Giggl nächst Tobadill,Giggl nächst Tobadill,NULL,NULL,NULL,not checked yet,NULL,unknown
unknown__Grattenbruck,Grattenbruck,2918345,"47,493873","12,0790033","Eintrag ergänzt nach den Angaben aus einer E-Mail an Peter Andorfer:
Die ""Grattenbrücke"" ist im Osten von Wörgl, gehört aber zum Gemeindegebiet Kirchbichl da es nördlich der Ache liegt. 
Für Einheimische bezeichnet ""Grattenbruck"" die Gegend um diese Brücke und das danebenliegende Grattenbergl.
Das alte Steinbrücklein existiert noch immer beim Gasthof Grattenbrücke über die Brixentaler Ache. 
Früher führte sämtlicher Verkehr aus Wörgl in Richtung Osten darüber, es war sozusagend ein ""Nadelöhr"". 
Erst seit Eröffnung der Umfahrungsschnellstraße Richtung Brixental ist dort eine Sackgasse für AUTOS.  ",Austria,Rattenberg
unknown__Gries bei Steinach,Gries bei Steinach,NULL,NULL,NULL,not checked yet,NULL,unknown
unknown__Gugelberg,Gugelberg,NULL,NULL,NULL,not checked yet,NULL,unknown
unknown__Hallein,Hallein,NULL,NULL,NULL,not checked yet,NULL,unknown
unknown__Halleregg,Halleregg,NULL,NULL,NULL,not checked yet,NULL,unknown
unknown__Hatting,Hatting,NULL,NULL,NULL,not checked yet,NULL,unknown
"unknown__Hintelang, Sonthofen","Hintelang, Sonthofen",NULL,NULL,NULL,not checked yet,NULL,unknown
unknown__Hinterbachgart,Hinterbachgart,NULL,NULL,NULL,not checked yet,NULL,unknown
unknown__Hopfgarten (Defereggen),Hopfgarten (Defereggen),NULL,NULL,NULL,not checked yet,NULL,unknown
unknown__Innbrücke zu Brixlegg,Innbrücke zu Brixlegg,NULL,NULL,NULL,not checked yet,NULL,unknown
unknown__Jenesien,Jenesien,NULL,NULL,NULL,not checked yet,NULL,unknown
"unknown__Joch, Sonthofen","Joch, Sonthofen",NULL,NULL,NULL,not checked yet,NULL,unknown
"unknown__Jochberg, LG Sonthofen","Jochberg, LG Sonthofen",NULL,NULL,NULL,not checked yet,NULL,unknown
unknown__Kiechelsteg,Kiechelsteg,NULL,NULL,NULL,not checked yet,NULL,unknown
unknown__Kuntersweg,Kuntersweg,NULL,NULL,NULL,not checked yet,NULL,unknown
unknown__Lavis,Lavis,NULL,NULL,NULL,not checked yet,NULL,unknown
unknown__Leisach,Leisach,NULL,NULL,NULL,not checked yet,NULL,unknown
unknown__Lienzer Klause,Lienzer Klause,NULL,NULL,NULL,not checked yet,NULL,unknown
unknown__Lieserhofen in Kärnten,Lieserhofen in Kärnten,NULL,NULL,NULL,not checked yet,NULL,unknown
unknown__Lofer,Lofer,NULL,NULL,NULL,not checked yet,NULL,unknown
unknown__Luggau,Luggau,NULL,NULL,NULL,not checked yet,NULL,unknown
unknown__Mantua,Minnie,3174050,"45,16667","10,78333",Now that's subelt! Great to hear from you. http://hnquqjp.com [url=http://spribyy.com]spribyy[/url] [link=http://gwtmtfz.com]gwtmtfz[/link],Italy,unknown
unknown__Margrethen,Margrethen,NULL,NULL,NULL,not checked yet,NULL,unknown
unknown__Melleck,Melleck,2872078,"47,67205","12,7604",not checked yet,Germany,unknown
unknown__Mittenwald,Mittenwald,NULL,NULL,NULL,not checked yet,NULL,unknown
unknown__Mittenwald in Bayern,Mittenwald in Bayern,2870482,"47,4422","11,26187",not checked yet,NULL,unknown
unknown__Moja,Moja,NULL,NULL,NULL,not checked yet,NULL,unknown
unknown__Murnau in Bayern,Murnau in Bayern,NULL,NULL,NULL,not checked yet,NULL,unknown
"unknown__Murnau, Bayern","Murnau, Bayern",NULL,NULL,NULL,not checked yet,NULL,unknown
unknown__Mölten,Mölten,NULL,NULL,NULL,not checked yet,NULL,unknown
unknown__Mühlbacher Klause,Mühlbacher Klause,NULL,NULL,NULL,not checked yet,NULL,unknown
unknown__Mühleck,Mühleck,NULL,NULL,NULL,not checked yet,NULL,unknown
unknown__München,Robbie,2867714,"48,13743","11,57549","aaaaaaaaahhhhhhhhhhhhhhhhhhhHerbstlaub in leuchtenden Farben, dazu farblich passende Geschenke.....Was fÃ¼r ein schÃ¶ner Start in den Samstag....also wenigstens fÃ¼r meine Augen......der REST ist quasi in Schockstarre verfallen beim morgendlichen Blick auf&#39;s Thermometer......1&#176;C, dazu knallblauer Himmel....allerdings Schatzi irgendwo JWD :o))Ich werde wohl viel backen mÃ¼ssen, damit mir warm wird :or)lFrostg)itze)grÃ¼ÃŸevon&#9829;Isa&#9829;",Germany,unknown
unknown__Niederolang,Niederolang,NULL,NULL,NULL,not checked yet,NULL,unknown
unknown__Obertilliach,Obertilliach,NULL,NULL,NULL,not checked yet,NULL,unknown
unknown__Paris,Paris,NULL,NULL,NULL,not checked yet,NULL,unknown
unknown__Paschberg,Paschberg,NULL,NULL,NULL,not checked yet,NULL,unknown
unknown__Patraisdorf,Patraisdorf,NULL,NULL,NULL,not checked yet,NULL,unknown
unknown__Patschberg,Patschberg,NULL,NULL,NULL,not checked yet,NULL,unknown
unknown__Patznaun,Patznaun,NULL,NULL,NULL,not checked yet,NULL,unknown
unknown__Paß Thurn,Paß Thurn,NULL,NULL,NULL,not checked yet,NULL,unknown
unknown__Pergine,Pergine,NULL,NULL,NULL,not checked yet,NULL,unknown
unknown__Pontlatzerbrücke,Pontlatzerbrücke,NULL,NULL,NULL,not checked yet,NULL,unknown
unknown__Pontlazbrücke,Pontlazbrücke,NULL,NULL,NULL,not checked yet,NULL,unknown
unknown__Pressano,Pressano,8950263,"46,15231","11,10601",not checked yet,Italy,unknown
unknown__Pustertal,Pustertal,3169744,"46,75","12,33333",not checked yet,NULL,unknown
unknown__Regulati,Regulati,NULL,NULL,NULL,not checked yet,NULL,unknown
unknown__Rinn,Rinn,NULL,NULL,NULL,not checked yet,NULL,unknown
unknown__Rotholz,Rotholz,NULL,NULL,NULL,not checked yet,NULL,unknown
unknown__Rovereto,Rovereto,NULL,NULL,NULL,not checked yet,NULL,unknown
unknown__Sachering in Baiern,Sachering in Baiern,NULL,NULL,NULL,not checked yet,NULL,unknown
unknown__Sachsenburg,Sachsenburg,NULL,NULL,NULL,not checked yet,NULL,unknown
unknown__Salurn,Salurn,NULL,NULL,NULL,not checked yet,NULL,unknown
unknown__Scharnitz,Scharnitz,NULL,NULL,NULL,not checked yet,NULL,unknown
unknown__Seeben,Seeben,NULL,NULL,NULL,not checked yet,NULL,unknown
unknown__Sillian,Ireland,7872605,"46,74349","12,40124",What a pluseare to find someone who thinks through the issues http://inacrvqtbff.com [url=http://zsyynn.com]zsyynn[/url] [link=http://cttwarmag.com]cttwarmag[/link],Austria,Sillian
unknown__Spittal in Kärnten,Spittal in Kärnten,NULL,NULL,NULL,not checked yet,NULL,unknown
unknown__Sprechenstein,Sprechenstein,NULL,NULL,NULL,not checked yet,NULL,unknown
unknown__St.  Margarethen,St.  Margarethen,NULL,NULL,NULL,not checked yet,NULL,unknown
unknown__St. Margarethen,St. Margarethen,NULL,NULL,NULL,not checked yet,NULL,unknown
unknown__Steinach bei Pfonten (Füssen),Steinach bei Pfonten (Füssen),NULL,NULL,NULL,not checked yet,NULL,unknown
unknown__Straß,Straß,NULL,NULL,NULL,not checked yet,NULL,unknown
unknown__Tannheim,Tannheim,NULL,NULL,NULL,not checked yet,NULL,unknown
unknown__Taufers,Taufers,NULL,NULL,NULL,not checked yet,NULL,unknown
unknown__Taufers (Sand),Taufers (Sand),NULL,NULL,NULL,not checked yet,NULL,unknown
unknown__Telfeser Innbrücke,Telfeser Innbrücke,NULL,NULL,NULL,not checked yet,NULL,unknown
unknown__Terlago,Terlago,NULL,NULL,NULL,not checked yet,NULL,unknown
unknown__Terlan,Terlan,NULL,NULL,NULL,not checked yet,NULL,unknown
unknown__Thierberg,Thierberg,2763689,"47,6","12,16667",not checked yet,Austria,Kufstein
unknown__Thierberg bei Kufstein,Thierberg bei Kufstein,2763689,"47,6","12,16667","geändert anhand von Angaben, erhalten per E-Mail an Peter Andorfer",Austria,Kufstein
unknown__Tils,Tils,NULL,NULL,NULL,not checked yet,NULL,unknown
unknown__Trient,Trient,NULL,NULL,NULL,not checked yet,NULL,unknown
unknown__Törgele,Törgele,NULL,NULL,NULL,not checked yet,NULL,unknown
unknown__Tösens,Tösens,NULL,NULL,NULL,not checked yet,NULL,unknown
unknown__Ulrichsbrücke,Ulrichsbrücke,NULL,NULL,NULL,not checked yet,NULL,unknown
unknown__Unken,Unken,NULL,NULL,NULL,not checked yet,NULL,unknown
unknown__Unterau,Unterau,NULL,NULL,NULL,not checked yet,NULL,unknown
unknown__Ursprung,Ursprung,NULL,NULL,NULL,not checked yet,NULL,unknown
unknown__Volderau,Volderau,2762322,"47,06667","11,25",not checked yet,Austria,NULL
unknown__Volderberg,Volderberg,NULL,NULL,NULL,not checked yet,NULL,unknown
unknown__Volders,Volders,NULL,NULL,NULL,not checked yet,NULL,unknown
unknown__Weer,Weer,NULL,NULL,NULL,not checked yet,NULL,unknown
unknown__Wiesenschwang in Baiern,Wiesenschwang in Baiern,NULL,NULL,NULL,not checked yet,NULL,unknown
unknown__Wildbichl,Wildbichl,NULL,NULL,NULL,not checked yet,NULL,unknown
unknown__Windhausen,Windhausen,NULL,NULL,NULL,not checked yet,NULL,unknown
unknown__Windschnur,Windschnur,NULL,NULL,NULL,not checked yet,NULL,unknown
unknown__Zell am Ziller,Zell am Ziller,NULL,NULL,NULL,not checked yet,NULL,unknown
unknown__Zillerbrücke,Zillerbrücke,NULL,NULL,NULL,not checked yet,NULL,unknown
unknown__Zollhaus,Zollhaus,NULL,NULL,NULL,not checked yet,NULL,unknown
unknown__am Schweinanger,am Schweinanger,NULL,NULL,NULL,not checked yet,NULL,unknown
unknown__bei Kochl in Bayern,bei Kochl in Bayern,NULL,NULL,NULL,not checked yet,NULL,unknown
unknown__bei St. St. Margarethen,bei St. St. Margarethen,NULL,NULL,NULL,not checked yet,NULL,unknown
unknown__bei Stans,bei Stans,NULL,NULL,NULL,not checked yet,NULL,unknown
unknown__in d. Kiefer,in d. Kiefer,NULL,NULL,NULL,not checked yet,NULL,unknown
unknown__in Österreich,in Österreich,NULL,NULL,NULL,not checked yet,NULL,unknown
unknown__ober Vahrn,ober Vahrn,NULL,NULL,NULL,not checked yet,NULL,unknown
unknown__unbekannt,unbekannt,NULL,NULL,NULL,not checked yet,NULL,unknown
